key,llama,gemma,qwen
0.0,0.3646916505762094,0.5308012810836086,0.3398529093593286
0.1,0.3274904578762563,0.5347896782848376,0.3653765181289022
0.2,0.4052776825831888,0.5284411036246139,0.28809720581775866
0.3,0.3744996662214802,0.5468089245796927,0.3876209488662861
0.4,0.45989129150267677,0.5625833271614082,0.34677081768799406
0.5,0.5054700782440045,0.6137996415769562,0.4628714724413247
0.6,0.4669047011971501,0.500499750249688,0.4546977017755862
0.7,0.3990613987846983,0.5354904294196116,0.34168699126539775
0.8,0.4466542286825459,0.5019960159204453,0.4266145801540308
0.9,0.5499999999999999,0.448608961123159,0.49999999999999994
